{"cameraMode":{"drawMode":0,"name":"Shaded","section":"Shading Mode"},"sceneLighting":true,"audioPlay":false,"sceneViewState":{"m_AlwaysRefresh":false,"showFog":true,"showSkybox":false,"showFlares":true,"showImageEffects":true,"showParticleSystems":true,"showVisualEffectGraphs":true,"m_FxEnabled":true},"in2DMode":false,"pivot":{"x":-2.7535595893859865,"y":0.8884835243225098,"z":8.902456283569336},"rotation":{"x":0.14496780931949616,"y":-0.017524441704154016,"z":0.0026215510442852976,"w":0.9893168807029724},"size":4.57148551940918,"orthographic":false}