{"cameraMode":{"drawMode":0,"name":"Shaded","section":"Shading Mode"},"sceneLighting":true,"audioPlay":false,"sceneViewState":{"m_AlwaysRefresh":false,"showFog":true,"showSkybox":false,"showFlares":true,"showImageEffects":true,"showParticleSystems":true,"showVisualEffectGraphs":true,"m_FxEnabled":true},"in2DMode":false,"pivot":{"x":4.497527599334717,"y":0.8983067870140076,"z":5.786098003387451},"rotation":{"x":-0.00012266031990293413,"y":-0.9994097948074341,"z":-0.0341838039457798,"w":0.0036043371073901655},"size":3.955232620239258,"orthographic":false}