{"cameraMode":{"drawMode":0,"name":"Shaded","section":"Shading Mode"},"sceneLighting":true,"audioPlay":false,"sceneViewState":{"m_AlwaysRefresh":false,"showFog":true,"showSkybox":false,"showFlares":true,"showImageEffects":true,"showParticleSystems":true,"showVisualEffectGraphs":true,"m_FxEnabled":true},"in2DMode":false,"pivot":{"x":5.282390594482422,"y":2.947659492492676,"z":3.6352598667144777},"rotation":{"x":0.013411746360361576,"y":-0.8791950345039368,"z":-0.024791501462459565,"w":-0.475629061460495},"size":3.1416351795196535,"orthographic":false}