{"cameraMode":{"drawMode":0,"name":"Shaded","section":"Shading Mode"},"sceneLighting":true,"audioPlay":false,"sceneViewState":{"m_AlwaysRefresh":false,"showFog":true,"showSkybox":false,"showFlares":true,"showImageEffects":true,"showParticleSystems":true,"showVisualEffectGraphs":true,"m_FxEnabled":true},"in2DMode":false,"pivot":{"x":5.197329521179199,"y":0.11784299463033676,"z":-2.860004186630249},"rotation":{"x":-0.014599936082959175,"y":-0.9849327206611633,"z":0.10560178756713867,"w":-0.13618190586566926},"size":6.497730731964111,"orthographic":false}