{"cameraMode":{"drawMode":0,"name":"Shaded","section":"Shading Mode"},"sceneLighting":true,"audioPlay":false,"sceneViewState":{"m_AlwaysRefresh":false,"showFog":true,"showSkybox":false,"showFlares":true,"showImageEffects":true,"showParticleSystems":true,"showVisualEffectGraphs":true,"m_FxEnabled":true},"in2DMode":false,"pivot":{"x":-4.021455764770508,"y":1.4634758234024048,"z":1.2535102367401124},"rotation":{"x":-0.00014019146328791976,"y":-0.9997339844703674,"z":0.006307979580014944,"w":-0.02220643311738968},"size":1.420651912689209,"orthographic":false}