{"cameraMode":{"drawMode":0,"name":"Shaded","section":"Shading Mode"},"sceneLighting":true,"audioPlay":false,"sceneViewState":{"m_AlwaysRefresh":false,"showFog":true,"showSkybox":false,"showFlares":true,"showImageEffects":true,"showParticleSystems":true,"showVisualEffectGraphs":true,"m_FxEnabled":true},"in2DMode":false,"pivot":{"x":-11.208847045898438,"y":-3.253847122192383,"z":26.704376220703126},"rotation":{"x":-0.09917835891246796,"y":0.16873860359191895,"z":-0.017094934359192849,"w":-0.9805400967597961},"size":14.028785705566407,"orthographic":false}